{"cameraMode":{"drawMode":0,"name":"Shaded","section":"Shading Mode"},"sceneLighting":false,"audioPlay":false,"sceneViewState":{"showFog":true,"showMaterialUpdate":true,"showSkybox":false,"showFlares":true,"showImageEffects":true,"showParticleSystems":true},"in2DMode":false,"pivot":{"x":3.700298309326172,"y":0.45936253666877749,"z":1.0674190521240235},"rotation":{"x":-0.131625235080719,"y":-0.34683412313461306,"z":0.049233853816986087,"w":-0.9273293614387512},"size":5.710989475250244,"orthographic":false}