{"cameraMode":{"drawMode":0,"name":"Shaded","section":"Shading Mode"},"sceneLighting":true,"audioPlay":false,"sceneViewState":{"showFog":true,"showMaterialUpdate":true,"showSkybox":true,"showFlares":true,"showImageEffects":true,"showParticleSystems":true},"in2DMode":false,"pivot":{"x":-1.4673388004302979,"y":0.1318879872560501,"z":-0.12390214204788208},"rotation":{"x":-0.017406197264790536,"y":-0.9817368388175964,"z":0.15289708971977235,"w":-0.11179911345243454},"size":8.125274658203125,"orthographic":false}